{
  "version": 1,
  "author": "Ankit Roy",
  "editor": "wokwi",
  "parts": [
    { "type": "board-esp32-devkit-c-v4", "id": "esp", "top": 0, "left": 0, "attrs": {} },
    { "type": "wokwi-potentiometer", "id": "pot1", "top": -1.3, "left": 239.8, "attrs": {} },
    { "type": "wokwi-potentiometer", "id": "pot2", "top": 113.9, "left": 239.8, "attrs": {} },
    { "type": "wokwi-potentiometer", "id": "pot3", "top": 238.7, "left": 239.8, "attrs": {} },
    { "type": "wokwi-dht22", "id": "dht1", "top": -57.3, "left": -370.2, "attrs": {} },
    {
      "type": "wokwi-lcd1602",
      "id": "lcd1",
      "top": -243.2,
      "left": -378.4,
      "attrs": { "pins": "i2c" }
    },
    { "type": "wokwi-led", "id": "led1", "top": -186, "left": 272.6, "attrs": { "color": "red" } },
    {
      "type": "wokwi-resistor",
      "id": "r1",
      "top": -130.45,
      "left": 336,
      "attrs": { "value": "220" }
    },
    { "type": "wokwi-potentiometer", "id": "pot4", "top": -1.3, "left": 355, "attrs": {} },
    { "type": "wokwi-led", "id": "led2", "top": -186, "left": 483.8, "attrs": { "color": "red" } },
    {
      "type": "wokwi-resistor",
      "id": "r2",
      "top": -100.8,
      "left": 517.85,
      "rotate": 90,
      "attrs": { "value": "1000" }
    }
  ],
  "connections": [
    [ "esp:TX", "$serialMonitor:RX", "", [] ],
    [ "esp:RX", "$serialMonitor:TX", "", [] ],
    [ "pot1:VCC", "esp:3V3", "red", [ "v28.8", "h-58.4", "v-172.8", "h-278.4", "v28.8" ] ],
    [ "pot2:VCC", "esp:3V3", "red", [ "v28.8", "h-58.4", "v-288", "h-278.4", "v105.6" ] ],
    [ "pot3:VCC", "esp:3V3", "red", [ "v19.2", "h-58.4", "v-403.2", "h-278.4", "v105.6" ] ],
    [ "pot1:GND", "esp:GND.2", "black", [ "v19.2", "h-48", "v-67.2" ] ],
    [ "pot2:GND", "esp:GND.2", "black", [ "v9.6", "h-48", "v-163.2" ] ],
    [ "pot3:GND", "esp:GND.2", "black", [ "v9.6", "h-48", "v-288" ] ],
    [ "dht1:VCC", "esp:3V3", "red", [ "v0", "h-28.8", "v-124.8", "h336", "v96" ] ],
    [ "dht1:GND", "esp:GND.2", "black", [ "v0", "h211.2", "v-76.8", "h211.2" ] ],
    [ "pot1:SIG", "esp:34", "green", [ "v9.6", "h-154", "v-105.6", "h-153.6", "v96" ] ],
    [ "pot3:SIG", "esp:32", "green", [ "v28.8", "h-154", "v-364.8", "h-153.6", "v115.2" ] ],
    [ "pot2:SIG", "esp:35", "green", [ "v19.2", "h-154", "v-230.4", "h-153.6", "v105.6" ] ],
    [ "dht1:SDA", "esp:15", "green", [ "v163.2", "h460.9", "v-48" ] ],
    [ "lcd1:VCC", "esp:3V3", "red", [ "h-9.6", "v134.5", "h336", "v96" ] ],
    [ "lcd1:GND", "esp:GND.2", "black", [ "h-19.2", "v-48", "h345.6" ] ],
    [ "lcd1:SDA", "esp:21", "green", [ "h-28.8", "v461", "h518.4", "v-192" ] ],
    [ "esp:22", "lcd1:SCL", "green", [ "h14.44", "v192", "h-537.6", "v-422.4" ] ],
    [ "esp:2", "r1:2", "green", [ "h91.24", "v-192", "h115.2", "v-67.2", "h96" ] ],
    [ "r1:1", "led1:A", "green", [ "v0" ] ],
    [ "led1:C", "esp:GND.2", "green", [ "v134.4", "h-172.4", "v28.8" ] ],
    [ "pot4:GND", "esp:GND.2", "black", [ "v19.2", "h-163.2", "v-57.6" ] ],
    [ "pot4:VCC", "esp:3V3", "red", [ "v28.8", "h-173.6", "v-172.8", "h-278.4", "v105.6" ] ],
    [ "pot4:SIG", "esp:33", "green", [ "v163.2", "h-269.2", "v-259.2", "h-153.6", "v124.8" ] ],
    [ "r2:1", "led2:A", "green", [ "h0" ] ],
    [ "r2:2", "esp:18", "green", [ "h-19.2", "v277.2", "h-374.4", "v-105.6" ] ],
    [ "led2:C", "esp:GND.2", "green", [ "v124.8", "h-345.2", "v28.8" ] ]
  ],
  "dependencies": {}
}